,w_numpy,w_sklearn,abs_diff
mean radius,-0.6229833910458138,-0.511479010884971,0.11150438016084274
mean texture,-0.7734382257333152,-0.552697753457526,0.2207404722757892
mean perimeter,-0.5802328355330928,-0.4762978856101167,0.10393494992297608
mean area,-0.6740131919438268,-0.5410592418248745,0.13295395011895228
mean smoothness,-0.282768912219863,-0.2124792749064497,0.07028963731341331
mean compactness,0.5958572699981349,0.6483415872660604,0.05248431726792546
mean concavity,-0.6467808670276541,-0.6021029069732797,0.04467796005437441
mean concave points,-0.7768486648715892,-0.7041564891955344,0.0726921756760548
mean symmetry,-0.19516717260101135,-0.16723272960824537,0.027934442992765984
mean fractal dimension,0.390759131829823,0.19973173298709188,0.19102739884273115
radius error,-1.2121697585539726,-1.0829653362483982,0.12920442230557438
texture error,0.2586490715569638,0.24882301055625003,0.009826061000713787
perimeter error,-0.7344010333835598,-0.5443332277221032,0.19006780566145653
area error,-1.028588018626203,-0.9291040183411327,0.09948400028507043
smoothness error,-0.21191957119982957,-0.1602757101854428,0.05164386101438678
compactness error,0.8621624957622152,0.647226557630868,0.21493593813134715
concavity error,0.09595610116696525,0.16056252377741287,0.06460642261044762
concave points error,-0.4497833141292537,-0.4437842359980606,0.005999078131193103
symmetry error,0.4261313909134248,0.3604915554196104,0.06563983549381436
fractal dimension error,0.6284171463351907,0.4378942605795724,0.19052288575561832
worst radius,-1.097442631627228,-0.9476161496027721,0.14982648202445603
worst texture,-1.3962546867907408,-1.2550880416901287,0.14116664510061216
worst perimeter,-0.9317469371522322,-0.7632200724438888,0.16852686470834344
worst area,-1.093264789349317,-0.947755902762159,0.145508886587158
worst smoothness,-1.0085992574379996,-0.7466248092149416,0.26197444822305804
worst compactness,0.017187225442918553,0.05551412476313124,0.03832689932021269
worst concavity,-0.9186340520396045,-0.8231506462671385,0.09548340577246595
worst concave points,-1.122184149578761,-0.9536863642145667,0.16849778536419435
worst symmetry,-1.1316573171306692,-0.9391814052053175,0.19247591192535174
worst fractal dimension,-0.18756073248142105,-0.1872507973376586,0.00030993514376245757
